ts(ms),x(m),y(m),phi(radians),v(m/s)
97.979,6.1500006103515625,7.500000610351562,0.9269046603617831,10
